ticker,start,end
A,2005-01-06,
AABA,2005-01-06,2017-06-19
AAL,2015-03-23,2024-09-23
AAP,2015-07-09,2023-08-25
AAPL,2005-01-06,
ABBV,2013-01-02,
ABC,2005-01-06,2023-08-30
ABI,2005-01-06,2008-11-24
ABKFQ,2005-01-06,2008-06-11
ABMD,2018-05-31,2022-12-22
ABNB,2023-09-18,
ABS,2005-01-06,2006-06-02
ABT,2005-01-06,
ACAS,2007-07-09,2009-03-04
ACGL,2022-11-01,
ACN,2011-07-06,
ACS,2005-01-06,2010-02-08
ACV,2005-01-06,2006-11-17
ADBE,2005-01-06,
ADCT,2005-01-06,2007-07-02
ADI,2005-01-06,
ADM,2005-01-06,
ADP,2005-01-06,
ADS,2013-12-23,2020-06-22
ADSK,2005-01-06,
ADT,2012-10-02,2016-05-02
AEE,2005-01-06,
AEP,2005-01-06,
AES,2005-01-06,
AET,2005-01-06,2018-11-29
AFL,2005-01-06,
AGN,2005-01-06,2020-05-12
AIG,2005-01-06,
AIV,2005-01-06,2020-12-21
AIZ,2007-04-10,
AJG,2016-05-31,
AKAM,2007-07-12,
AKS,2008-07-01,2011-12-19
ALB,2016-07-01,
ALGN,2017-06-19,
ALK,2016-05-13,2023-12-18
ALL,2005-01-06,
ALLE,2013-12-02,
ALTR,2005-01-06,2015-12-28
ALXN,2012-05-25,2021-07-21
AMAT,2005-01-06,
AMCC,2005-01-06,2006-05-18
AMCR,2019-06-07,
AMD,2005-01-06,2013-09-23
AMD,2017-03-20,
AME,2013-09-23,
AMG,2014-07-01,2019-12-23
AMGN,2005-01-06,
AMP,2005-10-03,
AMT,2007-11-19,
AMTM,2024-09-30,2024-12-23
AMZN,2005-11-21,
AN,2005-01-06,2017-08-08
ANDV,2007-09-27,2018-10-01
ANDW,2005-01-06,2006-10-02
ANET,2018-08-28,
ANF,2007-03-29,2013-12-23
ANRZQ,2011-06-02,2012-10-02
ANSS,2017-06-19,2025-07-18
ANTM,2005-01-06,2022-06-28
AON,2005-01-06,
AOS,2017-07-26,
APA,2005-01-06,
APC,2005-01-06,2019-08-09
APCC,2005-01-06,2007-02-15
APD,2005-01-06,
APH,2008-09-30,
APO,2024-12-23,
APOL,2005-01-06,2013-07-01
APP,2025-09-22,
APTV,2012-12-24,
ARE,2017-03-20,
ARES,2025-12-11,
ARG,2009-09-09,2016-05-23
ARNC,2005-01-06,2020-04-06
ASH,2005-01-06,2008-11-14
ASN,2005-01-06,2007-10-08
ASO,2005-01-06,2006-11-06
AT,2005-01-06,2007-11-19
ATGE,2009-06-09,2012-10-01
ATI,2005-01-06,2015-07-02
ATO,2019-02-15,
ATVI,2015-08-31,2023-10-18
AV,2005-01-06,2007-10-26
AVB,2007-01-10,2026-08-18
AVGO,2014-05-08,
AVP,2005-01-06,2015-03-23
AVY,2005-01-06,
AW,2005-01-06,2008-12-05
AWK,2016-03-04,
AXON,2023-05-04,
AXP,2005-01-06,
AYE,2005-01-06,2011-02-28
AYI,2016-05-03,2018-06-18
AZO,2005-01-06,
BA,2005-01-06,
BAC,2005-01-06,
BALL,2022-05-10,
BAX,2005-01-06,
BBBY,2005-01-06,2017-07-26
BBT,2005-01-06,2019-12-09
BBWI,2021-08-03,2024-10-01
BBY,2005-01-06,
BC,2005-01-06,2008-06-23
BCR,2005-01-06,2017-12-29
BDK,2005-01-06,2010-03-15
BDX,2005-01-06,
BEAM,2005-01-06,2014-05-01
BEN,2005-01-06,
BF-B,2005-01-06,
BG,2023-03-15,
BHF,2017-08-07,2019-04-02
BHGE,2005-01-06,2019-10-18
BIG,2005-01-06,2013-02-14
BIIB,2005-01-06,
BIO,2020-06-22,2024-09-23
BJS,2005-01-06,2010-04-29
BK,2005-01-06,2026-05-21
BKNG,2009-11-06,
BKR,2019-10-18,
BLDR,2023-12-18,
BLK,2011-04-04,
BLL,2005-01-06,2022-05-10
BLS,2005-01-06,2007-01-03
BMC,2005-01-06,2013-09-11
BMET,2005-01-06,2007-07-12
BMS,2005-01-06,2014-12-05
BMY,2005-01-06,
BNI,2005-01-06,2010-02-16
BNY,2026-05-21,
BOL,2005-01-06,2007-10-29
BR,2005-01-06,2006-04-03
BR,2018-06-18,
BRCM,2005-01-06,2016-02-01
BRK-B,2010-02-16,
BRL,2006-02-27,2008-12-23
BRO,2021-09-20,
BSC,2005-01-06,2008-06-02
BSX,2005-01-06,
BTUUQ,2006-11-20,2014-09-22
BUD,2005-01-06,2008-11-18
BWA,2011-12-19,2025-03-24
BX,2023-09-18,
BXLT,2015-07-01,2016-06-03
BXP,2006-04-03,
C,2005-01-06,
CA,2005-01-06,2018-11-06
CAG,2005-01-06,2026-06-30
CAH,2005-01-06,
CAM,2008-01-29,2016-04-04
CAR,2005-01-06,2006-08-01
CARR,2020-04-03,
CASY,2026-04-09,
CAT,2005-01-06,
CB,2005-01-06,
CBE,2005-01-06,2009-09-09
CBE,2011-11-23,2012-12-03
CBH,2006-06-06,2008-03-31
CBOE,2017-03-01,
CBRE,2006-11-10,
CBS,2005-01-06,2019-12-05
CBSS,2005-01-06,2007-09-07
CCE,2005-01-06,2016-05-31
CCEP,2016-01-04,2016-05-31
CCI,2012-03-13,
CCL,2005-01-06,
CCTYQ,2005-01-06,2008-03-31
CCU,2005-01-06,2008-07-31
CDAY,2021-09-20,2024-02-01
CDNS,2017-09-18,
CDW,2019-09-23,
CE,2018-12-24,2025-03-24
CEG,2005-01-06,2012-03-13
CEG,2022-02-02,
CELG,2006-11-06,2019-11-21
CEPH,2008-11-17,2011-10-14
CERN,2010-04-30,2022-06-08
CF,2008-08-27,
CFC,2005-01-06,2008-07-01
CFG,2016-02-01,
CFN,2009-09-01,2015-03-17
CHD,2015-12-29,
CHIR,2005-01-06,2006-04-20
CHK,2006-03-03,2018-03-19
CHRW,2007-03-02,
CHTR,2016-09-08,
CI,2005-01-06,
CIEN,2005-01-06,2009-12-21
CIEN,2026-02-09,
CIN,2005-01-06,2006-04-03
CINF,2005-01-06,
CITGQ,2005-01-06,2009-07-27
CL,2005-01-06,
CLF,2009-12-21,2014-04-02
CLX,2005-01-06,
CMA,2005-01-06,2024-06-24
CMCSA,2005-01-06,
CMCSK,2015-09-21,2015-12-14
CME,2006-08-11,
CMG,2011-04-28,
CMI,2005-01-06,
CMS,2005-01-06,
CMVT,2005-01-06,2007-02-01
CMX,2005-01-06,2007-03-23
CNC,2016-03-30,
CNP,2005-01-06,
CNX,2006-06-28,2016-03-04
COF,2005-01-06,
COG,2008-06-23,2021-10-04
COHR,2026-03-23,
COIN,2025-05-19,
COL,2005-01-06,2018-11-27
COO,2016-09-23,
COP,2005-01-06,
COR,2023-08-30,
COST,2005-01-06,
COTY,2016-10-03,2020-09-21
COV,2007-07-02,2009-06-05
COV,2011-03-01,2015-01-27
CPAY,2024-03-25,
CPB,2005-01-06,2026-06-22
CPGX,2015-07-02,2016-07-01
CPNLQ,2005-01-06,2005-12-02
CPRI,2016-01-04,2020-05-12
CPRT,2018-07-02,
CPT,2022-04-04,
CPWR,2005-01-06,2012-01-03
CRH,2025-12-22,
CRL,2021-05-14,
CRM,2008-09-15,
CRWD,2024-06-24,
CSCO,2005-01-06,
CSGP,2022-09-19,
CSRA,2015-11-30,2018-04-04
CSX,2005-01-06,
CTAS,2005-01-06,
CTB,2005-01-06,2006-07-18
CTL,2005-01-06,2020-09-18
CTLT,2020-09-21,2024-12-23
CTRA,2021-10-04,2026-05-07
CTSH,2006-11-17,
CTVA,2019-06-03,
CTX,2005-01-06,2009-08-19
CTXS,2005-01-06,2022-10-03
CVC,2010-12-20,2016-06-21
CVG,2005-01-06,2009-12-21
CVH,2005-08-30,2013-05-07
CVNA,2025-12-22,
CVS,2005-01-06,
CVX,2005-01-06,
CXO,2016-02-22,2021-01-21
CZR,2021-03-22,2025-09-22
D,2005-01-06,
DAL,2013-09-11,
DALRQ,2005-01-06,2005-08-19
DASH,2025-03-24,
DAY,2024-02-01,2026-02-09
DCNAQ,2005-01-06,2006-03-03
DD,2005-01-06,2017-09-01
DD,2019-06-03,
DDOG,2025-07-09,
DDR,2007-03-23,2009-03-30
DDS,2005-01-06,2008-10-22
DE,2005-01-06,
DECK,2024-03-18,
DELL,2005-01-06,2013-10-29
DELL,2024-09-23,
DF,2006-04-03,2013-05-24
DFS,2007-07-02,2025-05-19
DG,2005-01-06,2007-07-09
DG,2012-12-03,
DGX,2005-01-06,
DHI,2005-07-05,
DHR,2005-01-06,
DIS,2005-01-06,
DISCA,2010-03-01,2022-04-11
DISCK,2014-08-07,2022-04-11
DISH,2017-03-13,2023-06-20
DJ,2005-01-06,2007-12-14
DLR,2016-05-18,
DLTR,2011-12-19,
DNB,2008-12-02,2017-04-05
DNR,2009-04-02,2015-03-23
DO,2009-02-26,2016-10-03
DOC,2024-03-04,
DOV,2005-01-06,
DOW,2005-01-06,2017-09-01
DOW,2019-04-02,
DPHIQ,2005-01-06,2005-10-11
DPZ,2020-05-12,
DRE,2017-07-26,2022-10-03
DRI,2005-01-06,
DTE,2005-01-06,
DTV,2006-12-04,2015-07-27
DUK,2005-01-06,
DVA,2008-07-31,
DVN,2005-01-06,
DWDP,2017-09-01,2019-06-03
DXC,2005-01-06,2015-12-01
DXC,2017-04-04,2023-10-02
DXCM,2020-05-12,
DYN,2005-01-06,2009-12-21
EA,2005-01-06,2026-08-05
EBAY,2005-01-06,
EC,2005-01-06,2006-06-06
ECHO,2026-06-24,
ECL,2005-01-06,
ED,2005-01-06,
EDS,2005-01-06,2008-08-26
EFX,2005-01-06,
EG,2023-07-10,
EIX,2005-01-06,
EKDKQ,2005-01-06,2010-12-20
EL,2006-01-05,
ELV,2022-06-28,
EMC,2005-01-06,2016-09-07
EME,2025-09-22,
EMN,2005-01-06,2025-11-04
EMR,2005-01-06,
ENDP,2015-01-27,2017-03-02
ENPH,2021-01-07,2025-09-22
EOG,2005-01-06,
EOP,2005-01-06,2007-02-12
EP,2005-01-06,2012-05-25
EPAM,2021-12-14,2026-06-02
EQ,2006-05-18,2009-07-01
EQIX,2015-03-23,
EQR,2005-01-06,2026-08-18
EQT,2008-12-19,2018-11-13
EQT,2022-10-03,
ERIE,2024-09-23,
ES,2009-03-17,
ESRX,2005-01-06,2018-12-21
ESS,2014-04-02,
ESV,2007-01-04,2009-12-23
ESV,2012-07-31,2016-03-30
ETFC,2005-01-06,2020-10-07
ETN,2005-01-06,
ETR,2005-01-06,
ETSY,2020-09-21,2024-09-23
EVHC,2016-12-02,2018-10-11
EVRG,2018-06-05,
EW,2011-04-01,
EXC,2005-01-06,
EXE,2025-03-24,
EXPD,2007-10-10,
EXPE,2007-10-02,
EXR,2016-01-19,
F,2005-01-06,
FANG,2018-12-03,
FAST,2008-09-15,
FB,2013-12-23,2022-06-09
FBHS,2016-06-24,2022-12-19
FCPT,2015-11-10,2015-11-17
FCX,2005-01-06,
FDC,2005-01-06,2007-09-25
FDO,2005-01-06,2015-07-07
FDS,2021-12-20,
FDX,2005-01-06,
FDXF,2026-06-01,
FE,2005-01-06,
FERG,2026-08-05,
FFIV,2010-12-20,
FHN,2005-01-06,2013-06-24
FI,2023-06-07,2025-11-11
FICO,2023-03-20,
FII,2005-01-06,2013-01-02
FIS,2006-11-10,
FISV,2005-01-06,2023-06-07
FISV,2025-11-11,
FITB,2005-01-06,
FIX,2025-12-22,
FL,2016-04-04,2019-08-09
FLEX,2026-06-22,
FLIR,2009-01-02,2021-05-14
FLR,2005-01-06,2019-06-03
FLS,2008-10-02,2021-03-22
FLT,2018-06-20,2024-03-25
FMC,2009-08-19,2025-03-24
FMCC,2005-01-06,2008-09-11
FNMA,2005-01-06,2008-09-11
FOSL,2012-04-04,2016-01-05
FOX,2015-09-21,
FOXA,2005-01-06,
FRC,2019-01-02,2023-05-04
FRT,2016-02-01,
FRX,2005-01-06,2014-07-01
FSH,2005-01-06,2006-11-10
FSL,2005-01-06,2006-12-04
FSLR,2009-10-16,2017-03-20
FSLR,2022-12-19,
FTI,2009-06-05,2021-02-12
FTNT,2018-10-11,
FTR,2005-01-06,2017-03-20
FTV,2016-07-05,
G,2005-01-06,2005-10-03
GAS,2005-01-06,2011-12-12
GAS,2011-12-13,2016-07-01
GD,2005-01-06,
GDDY,2024-06-24,
GDT,2005-01-06,2006-04-24
GDW,2005-01-06,2006-10-02
GE,2005-01-06,
GEHC,2023-01-04,
GEN,2022-11-08,
GENZ,2005-01-06,2011-04-04
GEV,2024-04-02,
GGP,2007-07-02,2008-11-13
GGP,2013-12-10,2018-08-28
GHC,2007-12-31,2014-09-22
GILD,2005-01-06,
GIS,2005-01-06,
GL,2019-08-08,
GLK,2005-01-06,2005-07-05
GLW,2005-01-06,
GM,2013-06-07,
GMCR,2014-03-24,2016-03-03
GME,2007-12-14,2016-04-25
GNRC,2021-03-22,
GNW,2005-12-02,2015-11-18
GOOG,2014-04-03,
GOOGL,2006-04-03,
GP,2005-01-06,2005-12-20
GPC,2005-01-06,
GPN,2016-04-25,
GPS,2005-01-06,2022-02-02
GR,2005-01-06,2012-07-27
GRMN,2012-12-12,
GS,2005-01-06,
GT,2005-01-06,2019-02-27
GTW,2005-01-06,2006-08-01
GWW,2005-01-06,
H,2006-08-01,2007-04-10
HAL,2005-01-06,
HAR,2006-02-01,2017-03-13
HAS,2005-01-06,
HBAN,2005-01-06,
HBI,2015-03-23,2021-12-20
HCA,2005-01-06,2006-11-20
HCA,2015-01-27,
HCBK,2007-02-15,2015-11-02
HCP,2008-03-31,2019-11-05
HCR,2005-01-06,2007-11-09
HD,2005-01-06,
HES,2005-01-06,2025-07-23
HET,2005-01-06,2008-01-29
HFC,2018-06-18,2021-06-04
HIG,2005-01-06,
HII,2018-01-03,
HLT,2005-01-06,2007-10-25
HLT,2017-06-19,
HMA,2005-01-06,2007-03-02
HNZ,2005-01-06,2013-06-07
HOG,2005-01-06,2020-06-22
HOLX,2016-03-30,2026-04-09
HON,2005-01-06,
HONA,2026-06-29,
HOOD,2025-09-22,
HOT,2005-01-06,2016-09-23
HP,2010-03-01,2020-05-22
HPC,2005-01-06,2008-11-14
HPE,2015-11-02,
HPQ,2005-01-06,
HRB,2005-01-06,2020-09-21
HRL,2009-03-04,
HRS,2008-09-22,2019-06-01
HSH,2005-01-06,2012-06-29
HSIC,2015-03-18,
HSP,2005-01-06,2015-09-03
HST,2007-03-20,
HSY,2005-01-06,
HUBB,2023-10-18,
HUM,2005-01-06,
HWM,2020-04-06,
IAC,2006-12-01,2008-08-21
IBKR,2025-08-28,
IBM,2005-01-06,
ICE,2007-09-26,
IDXX,2017-01-05,
IEX,2019-08-09,
IFF,2005-01-06,
IGT,2005-01-06,2014-06-20
ILMN,2015-11-19,2024-06-24
INCY,2017-02-28,
INFO,2017-06-02,2022-03-02
INTC,2005-01-06,
INTU,2005-01-06,
INVH,2022-09-19,
IP,2005-01-06,
IPG,2005-01-06,2025-11-28
IPGP,2018-03-07,2022-06-21
IQV,2017-08-29,
IR,2005-01-06,2009-07-01
IR,2010-11-17,
IRM,2009-01-06,
ISRG,2008-06-02,
IT,2017-04-05,
ITT,2005-01-06,2011-11-01
ITW,2005-01-06,
IVZ,2008-08-21,
J,2019-12-10,
JAVA,2005-01-06,2010-01-27
JBHT,2015-07-01,
JBL,2005-01-06,2014-11-05
JBL,2023-12-18,
JCI,2005-01-06,
JCP,2005-01-06,2013-12-02
JEC,2007-10-26,2019-12-10
JEF,2007-08-27,2019-09-26
JKHY,2018-11-13,
JNJ,2005-01-06,
JNPR,2006-06-02,2025-07-09
JNS,2005-01-06,2011-11-23
JNY,2005-01-06,2009-03-04
JOY,2011-02-28,2015-10-08
JP,2005-01-06,2006-04-03
JPM,2005-01-06,
JWN,2005-01-06,2020-06-22
K,2005-01-06,2025-12-11
KATE,2005-01-06,2008-12-02
KBH,2005-01-06,2009-12-21
KDP,2008-10-07,2018-07-02
KDP,2022-06-21,
KEY,2005-01-06,
KEYS,2018-11-06,
KG,2005-01-06,2010-12-20
KHC,2015-07-06,
KIM,2006-04-03,
KKR,2024-06-24,
KLAC,2005-01-06,
KMB,2005-01-06,
KMG,2005-01-06,2006-08-11
KMI,2005-01-06,2007-05-31
KMI,2012-05-25,
KMX,2010-06-28,2025-10-31
KO,2005-01-06,
KORS,2013-11-13,2018-09-19
KR,2005-01-06,
KRB,2005-01-06,2006-01-03
KRFT,2012-10-02,2015-07-06
KRI,2005-01-06,2006-06-28
KSE,2005-01-06,2007-08-27
KSS,2005-01-06,2020-09-21
KSU,2013-05-24,2021-12-14
KVUE,2023-08-25,
L,2005-01-06,
LB,2005-01-06,2021-08-03
LDOS,2009-12-21,2013-09-23
LDOS,2019-08-09,
LEG,2005-01-06,2021-12-20
LEHMQ,2005-01-06,2008-09-17
LEN,2005-10-04,
LH,2005-01-06,
LHX,2019-06-01,
LIFE,2008-11-24,2014-01-24
LII,2024-12-23,
LIN,2018-11-06,
LITE,2026-03-23,
LKQ,2016-05-23,2025-12-22
LLL,2005-01-06,2019-07-01
LLTC,2005-01-06,2017-03-13
LLY,2005-01-06,
LM,2006-04-24,2016-12-02
LMT,2005-01-06,
LNC,2005-01-06,2023-09-18
LNT,2016-07-01,
LO,2008-06-11,2015-06-12
LOW,2005-01-06,
LPX,2005-01-06,2006-11-10
LRCX,2012-06-05,
LSI,2005-01-06,2014-05-07
LU,2005-01-06,2006-12-01
LULU,2023-10-18,
LUMN,2020-09-18,2023-03-20
LUV,2005-01-06,
LVLT,2014-11-05,2017-10-13
LVS,2019-10-03,
LW,2018-12-03,2026-03-23
LXK,2005-01-06,2012-10-01
LYB,2012-09-05,
LYV,2019-12-23,
M,2005-01-06,2020-04-06
MA,2008-07-18,
MAA,2016-12-02,
MAC,2013-05-09,2019-12-23
MAR,2005-01-06,
MAS,2005-01-06,
MAT,2005-01-06,2019-06-07
MAY,2005-01-06,2005-08-29
MBI,2005-01-06,2009-12-21
MCD,2005-01-06,
MCHP,2007-09-07,
MCK,2005-01-06,
MCO,2005-01-06,
MDLZ,2007-04-02,
MDP,2005-01-06,2011-01-04
MDT,2005-01-06,
MEDI,2005-01-06,2007-06-01
MEE,2008-06-23,2011-06-02
MEL,2005-01-06,2007-07-02
MER,2005-01-06,2009-01-02
MERQ,2005-01-06,2006-01-04
MET,2005-01-06,
META,2022-06-09,
MFE,2008-12-23,2011-03-01
MGM,2017-07-26,
MHK,2013-12-23,2025-12-22
MHS,2005-01-06,2012-04-02
MI,2005-01-06,2011-07-06
MIL,2005-01-06,2010-07-15
MJN,2009-12-21,2017-06-15
MKC,2005-01-06,
MKTX,2019-07-01,2025-09-22
MLM,2014-07-02,
MMC,2005-01-06,2026-01-14
MMI,2011-01-04,2012-05-22
MMM,2005-01-06,
MNK,2014-08-19,2017-07-26
MNST,2012-06-29,
MO,2005-01-06,
MOH,2022-03-02,2026-03-23
MOLX,2005-01-06,2013-12-09
MON,2005-01-06,2018-06-07
MOS,2011-09-26,
MPC,2011-07-01,
MPWR,2021-02-12,
MRK,2005-01-06,
MRNA,2021-07-21,
MRO,2005-01-06,2024-11-26
MRSH,2026-01-14,
MRVL,2026-06-22,
MS,2005-01-06,
MSCI,2018-04-04,
MSFT,2005-01-06,
MSI,2005-01-06,
MTB,2005-01-06,
MTCH,2021-09-20,2026-03-23
MTD,2016-09-06,
MTG,2005-01-06,2008-10-31
MTLQQ,2005-01-06,2009-06-03
MTW,2007-11-16,2009-09-01
MU,2005-01-06,
MUR,2005-08-15,2017-07-26
MWV,2005-01-06,2015-07-02
MWW,2005-01-06,2011-12-19
MXIM,2005-01-06,2007-09-27
MXIM,2018-12-03,2021-08-30
MYG,2005-01-06,2006-04-03
MYL,2005-01-06,2020-11-17
NAV,2005-01-06,2006-12-20
NAVI,2014-05-01,2018-06-05
NBL,2007-10-08,2020-10-12
NBR,2005-01-06,2015-03-23
NCC,2005-01-06,2009-01-02
NCLH,2017-10-13,
NCR,2005-01-06,2007-10-01
NDAQ,2008-10-22,
NDSN,2022-02-15,
NE,2005-01-06,2009-03-27
NE,2011-01-18,2015-07-20
NEE,2005-01-06,
NEM,2005-01-06,
NFB,2005-01-06,2006-12-01
NFLX,2010-12-20,
NFX,2010-12-20,2019-02-15
NI,2005-01-06,
NKE,2005-01-06,
NKTR,2018-03-19,2019-10-03
NLOK,2019-11-05,2022-11-08
NLSN,2013-07-09,2022-10-12
NOC,2005-01-06,
NOV,2005-03-14,2021-09-20
NOVL,2005-01-06,2011-04-28
NOW,2019-11-21,
NRG,2010-01-29,
NSC,2005-01-06,
NSM,2005-01-06,2011-09-26
NTAP,2005-01-06,
NTRS,2005-01-06,
NUE,2005-01-06,
NVDA,2005-01-06,
NVLS,2005-01-06,2012-06-05
NVR,2019-09-26,
NWL,2005-01-06,2023-09-18
NWS,2015-09-21,
NWSA,2013-07-01,
NXPI,2021-03-22,
NXTL,2005-01-06,2005-08-15
NYT,2005-01-06,2010-12-20
NYX,2007-10-25,2013-11-13
O,2015-04-07,
ODFL,2019-12-09,
ODP,2005-01-06,2010-12-20
OGN,2021-06-04,2023-10-18
OI,2009-01-02,2016-12-02
OKE,2010-03-15,
OMC,2005-01-06,
OMX,2005-01-06,2008-06-23
ON,2022-06-21,
ORCL,2005-01-06,
ORLY,2009-03-27,
OTIS,2020-04-03,
OXY,2005-01-06,
PANW,2023-06-20,
PARA,2022-02-17,2025-08-08
PAYC,2020-01-28,2026-03-23
PAYX,2005-01-06,
PBCT,2008-11-13,2022-04-04
PBG,2005-01-06,2010-03-01
PBI,2005-01-06,2017-03-01
PCAR,2005-01-06,
PCG,2005-01-06,2019-01-18
PCG,2022-10-03,
PCL,2005-01-06,2016-02-22
PCP,2007-06-01,2016-02-01
PD,2005-01-06,2007-03-20
PDCO,2005-10-11,2018-03-19
PEAK,2019-11-05,2024-03-04
PEG,2005-01-06,
PENN,2021-03-22,2022-09-19
PEP,2005-01-06,
PETM,2012-10-05,2015-03-12
PFE,2005-01-06,
PFG,2005-01-06,
PG,2005-01-06,
PGL,2005-01-06,2007-02-22
PGN,2005-01-06,2012-07-02
PGR,2005-01-06,
PH,2005-01-06,
PHM,2005-01-06,
PKG,2017-07-26,
PKI,2005-01-06,2023-05-16
PLD,2005-01-06,
PLL,2005-01-06,2015-08-31
PLTR,2024-09-23,
PM,2008-03-31,
PMCS,2005-01-06,2007-07-02
PNC,2005-01-06,
PNR,2012-10-01,
PNW,2005-01-06,
PODD,2023-03-15,
POM,2007-11-09,2016-03-24
POOL,2020-10-07,2026-06-22
PPG,2005-01-06,
PPL,2005-01-06,
PRGO,2011-12-19,2021-09-20
PRU,2005-01-06,
PSA,2005-08-19,
PSKY,2025-08-08,
PSX,2012-05-01,
PTC,2005-01-06,2007-01-03
PTC,2021-04-20,
PTV,2005-01-06,2010-11-17
PVH,2013-02-14,2022-09-19
PVN,2005-01-06,2005-10-03
PWER,2005-01-06,2005-03-14
PWR,2009-07-01,
PX,2005-01-06,2018-10-31
PXD,2008-09-24,2024-05-08
PYPL,2015-07-20,
Q,2005-01-06,2011-04-01
Q,2025-11-03,
QCOM,2005-01-06,
QEP,2010-07-01,2015-07-01
QLGC,2005-01-06,2011-01-18
QRVO,2015-06-12,2024-12-23
R,2005-01-06,2017-06-19
RAI,2005-01-06,2017-07-25
RBK,2005-01-06,2006-02-01
RCL,2014-12-05,
RDC,2005-01-06,2014-08-19
RDDT,2026-08-18,
RE,2017-06-19,2023-07-10
REG,2017-03-02,
REGN,2013-05-01,
RF,2005-01-06,
RHI,2005-01-06,2024-06-24
RHT,2009-07-27,2019-07-15
RIG,2005-01-06,2008-12-19
RIG,2013-10-29,2017-07-26
RJF,2017-03-20,
RL,2007-02-02,
RMD,2017-07-26,
ROH,2005-01-06,2009-04-02
ROK,2005-01-06,
ROL,2018-10-01,
ROP,2009-12-23,
ROST,2009-12-21,
RRC,2007-12-21,2018-06-18
RRD,2005-01-06,2012-12-12
RSG,2008-12-05,
RSHCQ,2005-01-06,2011-07-01
RTN,2005-01-06,2020-04-06
RTX,2020-04-03,
RVTY,2023-05-16,
RX,2005-01-06,2010-02-26
S,2005-01-06,2013-07-09
SAF,2005-01-06,2008-09-23
SANM,2005-01-06,2007-07-02
SATS,2026-03-23,2026-06-24
SBAC,2017-09-01,
SBL,2005-01-06,2007-01-10
SBNY,2021-12-20,2023-03-15
SBUX,2005-01-06,
SCG,2009-01-02,2019-01-02
SCHW,2005-01-06,
SDS,2005-01-06,2005-08-12
SE,2007-01-03,2017-02-27
SEBL,2005-01-06,2006-02-01
SEDG,2021-12-20,2023-12-18
SEE,2005-01-06,2023-12-18
SFA,2005-01-06,2006-02-27
SGP,2005-01-06,2009-11-04
SHLD,2005-03-28,2012-09-05
SHW,2005-01-06,
SIAL,2005-01-06,2015-11-18
SIG,2015-07-29,2018-03-19
SII,2006-10-02,2010-08-27
SIVB,2018-03-19,2023-03-15
SJM,2008-11-06,
SLB,2005-01-06,
SLG,2015-03-23,2021-03-22
SLM,2005-01-06,2014-05-01
SLR,2005-01-06,2007-10-02
SMCI,2024-03-18,
SNA,2005-01-06,
SNDK,2006-04-20,2016-05-12
SNDK,2025-11-28,
SNI,2008-07-01,2018-03-07
SNPS,2017-03-16,
SNV,2005-01-06,2008-01-02
SO,2005-01-06,
SOLS,2025-10-30,2025-12-22
SOLV,2024-04-01,
SOV,2005-01-06,2009-01-30
SPG,2005-01-06,
SPGI,2005-01-06,
SPLS,2005-01-06,2017-09-13
SRCL,2008-11-19,2018-12-03
SRE,2005-01-06,
SSP,2005-12-20,2008-07-01
STE,2019-12-23,
STI,2005-01-06,2019-12-09
STJ,2005-01-06,2017-01-05
STLD,2022-12-22,
STR,2006-12-01,2010-07-01
STT,2005-01-06,
STX,2012-07-02,
STZ,2005-07-05,
SUN,2005-01-06,2012-10-05
SUNEQ,2007-05-31,2011-12-19
SVU,2005-01-06,2012-05-01
SW,2024-07-08,
SWK,2005-01-06,
SWKS,2015-03-12,
SWN,2008-06-06,2017-04-04
SWY,2005-01-06,2015-01-27
SYF,2015-11-18,
SYK,2005-01-06,
SYMC,2005-01-06,2019-11-05
SYY,2005-01-06,
T,2005-01-06,
TAP,2005-01-06,
TDC,2007-10-01,2017-06-19
TDG,2016-06-03,
TDY,2020-06-22,
TE,2005-01-06,2016-07-01
TECH,2021-08-30,
TEG,2007-02-22,2015-06-30
TEK,2005-01-06,2007-11-16
TEL,2007-07-02,2009-06-26
TEL,2011-10-17,
TER,2005-01-06,2013-12-23
TER,2020-09-21,
TEX,2006-12-20,2008-11-06
TFC,2019-12-09,
TFX,2019-01-18,2025-03-24
TGNA,2005-01-06,2017-06-02
TGT,2005-01-06,
THC,2005-01-06,2016-04-18
TIE,2007-10-29,2012-12-24
TIF,2005-01-06,2021-01-07
TIN,2005-01-06,2007-12-31
TJX,2005-01-06,
TKO,2025-03-24,
TLAB,2005-01-06,2011-12-21
TMK,2005-01-06,2019-08-08
TMO,2005-01-06,
TMUS,2009-06-30,2013-05-01
TMUS,2019-07-15,
TOY,2005-01-06,2005-07-22
TPL,2024-11-26,
TPR,2005-01-06,
TRB,2005-01-06,2007-12-21
TRGP,2022-10-12,
TRIP,2011-12-21,2019-12-23
TRMB,2021-01-21,
TROW,2005-01-06,
TRV,2005-01-06,
TSCO,2014-01-24,
TSG,2005-01-06,2007-04-02
TSLA,2020-12-21,
TSN,2005-08-11,
TSS,2008-01-02,2019-09-23
TT,2005-01-06,2008-06-06
TT,2020-03-03,
TTD,2025-07-18,
TTWO,2018-03-19,
TWC,2009-03-30,2016-05-18
TWTR,2018-06-07,2022-11-01
TWX,2005-01-06,2018-06-15
TXN,2005-01-06,
TXT,2005-01-06,
TXU,2005-01-06,2007-10-10
TYL,2020-06-22,
UA,2016-04-08,2022-06-21
UAA,2014-05-01,2022-06-21
UAL,2015-09-03,
UBER,2023-12-18,
UCL,2005-01-06,2005-08-11
UDR,2016-03-07,
UHS,2014-09-22,
UIS,2005-01-06,2008-11-11
ULTA,2016-04-18,
UNH,2005-01-06,
UNM,2005-01-06,2021-09-20
UNP,2005-01-06,
UPS,2005-01-06,
URBN,2010-02-08,2017-03-20
URI,2014-09-22,
USB,2005-01-06,
UST,2005-01-06,2009-01-06
UTX,2005-01-06,2020-04-03
UVN,2005-01-06,2007-03-29
V,2009-12-21,
VAR,2007-02-12,2021-04-20
VEEV,2026-05-07,
VFC,2005-01-06,2024-04-01
VIAB,2006-01-03,2019-12-05
VIAC,2019-12-05,2022-02-17
VIAV,2005-01-06,2013-12-23
VICI,2022-06-08,
VLO,2005-01-06,
VLTO,2023-10-02,
VMC,2005-01-06,
VMRK,2026-08-18,
VNO,2005-08-12,2023-01-04
VNT,2020-10-12,2021-03-22
VRSK,2015-10-08,
VRSN,2006-02-01,
VRT,2026-03-23,
VRTS,2005-01-06,2005-07-05
VRTX,2013-09-23,
VST,2024-05-08,
VSTNQ,2005-01-06,2006-01-03
VTR,2009-03-04,
VTRS,2020-11-17,
VZ,2005-01-06,
WAB,2019-02-27,
WAMUQ,2005-01-06,2008-09-30
WAT,2005-01-06,
WB,2005-01-06,2009-01-02
WBA,2005-01-06,2025-08-28
WBD,2022-04-11,
WCG,2018-09-17,2020-01-28
WDAY,2024-12-23,
WDC,2009-07-01,
WEC,2008-10-31,
WELL,2009-01-30,
WEN,2005-01-06,2008-09-30
WFC,2005-01-06,
WFM,2006-01-03,2017-08-28
WFT,2005-07-22,2009-02-26
WHR,2005-01-06,2024-03-18
WIN,2006-07-18,2015-04-07
WLTW,2016-01-05,2022-01-10
WM,2005-01-06,
WMB,2005-01-06,
WMT,2005-01-06,
WPX,2012-01-03,2014-03-24
WRB,2019-12-05,
WRK,2015-07-02,2024-07-08
WSM,2025-03-24,
WST,2020-05-22,
WTW,2022-01-10,
WU,2006-10-02,2021-12-20
WWY,2005-01-06,2008-10-07
WY,2005-01-06,
WYE,2005-01-06,2009-10-16
WYND,2006-08-01,2018-05-31
WYNN,2008-11-14,
X,2005-01-06,2014-07-02
XEC,2014-06-20,2020-03-03
XEL,2005-01-06,
XL,2005-01-06,2018-09-12
XLNX,2005-01-06,2022-02-15
XOM,2005-01-06,
XRAY,2008-11-14,2024-04-02
XRX,2005-01-06,2021-03-22
XTO,2005-01-06,2010-06-28
XYL,2011-11-01,
XYZ,2025-07-23,
YUM,2005-01-06,
ZBH,2005-01-06,
ZBRA,2019-12-23,
ZION,2005-01-06,2024-03-18
ZTS,2013-06-24,
