fecha_senal,ticker,entrada,precio_entrada,ret_1s,exceso_1s
2026-09-21,CSX,2026-09-22,46.59000015258789,0.0072977066210420105,0.019167670439375062
2026-09-21,UNP,2026-09-22,274.4100036621094,-0.0009475229115377681,0.010922440906795283
2026-09-21,FDX,2026-09-22,295.94000244140625,-0.028620670240009582,-0.01675070642167653
2026-09-21,ALL,2026-09-22,229.5,-0.01777778575622957,-0.005907821937896518
2026-09-21,NUE,2026-09-22,245.07766723632812,-0.03834563715140826,-0.02647567333307521
2026-09-21,WBD,2026-09-22,30.829999923706055,0.0006487336300087243,0.012518697448341776
2026-09-21,BNY,2026-09-22,150.1699981689453,-0.021242608246005323,-0.009372644427672272
2026-09-21,FANG,2026-09-22,184.5,-0.0029810463509908347,0.008888917467342217
2026-09-21,STT,2026-09-22,179.3001708984375,-0.013703196496251735,-0.0018332326779186836
2026-09-21,VZ,2026-09-22,46.45000076293945,-0.010118433002871297,0.0017515308154617548
2026-09-25,EXPE,2026-09-28,264.2300109863281,,
2026-09-25,ABNB,2026-09-28,156.0800018310547,,
2026-09-25,ALL,2026-09-28,227.5500030517578,,
2026-09-25,BNY,2026-09-28,148.44000244140625,,
2026-09-25,TRGP,2026-09-28,277.42999267578125,,
2026-09-25,UNP,2026-09-28,274.1000061035156,,
2026-09-25,GWW,2026-09-28,1255.68994140625,,
2026-09-25,CSX,2026-09-28,46.7599983215332,,
2026-09-25,STT,2026-09-28,178.7829132080078,,
2026-09-25,CNC,2026-09-28,62.529998779296875,,
